,Unmatched,Match,Score
1156,bix 02189,bix-02189,100
193,16-16-dimethyl pge2,"16,16-dimethyl pge2",100
653,2'-3'-dideoxyinosine,"2',3'-dideoxyinosine",100
1799,2'-3'-dideoxyinosine,"2',3'-dideoxyinosine",100
1795,5-7-dihydroxyflavone,"5,7-dihydroxyflavone",100
420,bix 02189,bix-02189,100
239,(+\\/-)-sulfinpyrazone,(+/-)-sulfinpyrazone,100
1711,(±)-taxifolin,(å?-taxifolin,100
759,dideoxycytidine 5\'-triphosphate,dideoxycytidine 5'-triphosphate,98
895,5-fluoro-2\'-deoxyuridine,5-fluoro-2'-deoxyuridine,98
1357,ribavirin 5\'-triphosphate,ribavirin 5'-triphosphate,98
275,4\'-epiadriamycin,4'-epiadriamycin,97
737,4\'-epiadriamycin,4'-epiadriamycin,97
60,ly3009120,ly-3009120,95
1149,doxycycline hcl,doxycycline,95
991,sb415286,sb-415286,94
1757,halobetasol propionate,clobetasol propionate,93
458,srt3025,srt-3025,93
1257,srt3025,srt-3025,93
644,halobetasol propionate,clobetasol propionate,93
561,sb1317,sb-1317,92
1552,sb1317,sb-1317,92
142,quinine hcl dihydrate,quinine,90
317,osimertinib,osimertinib mesylate,90
131,pf-00562271,pf-562271,90
960,dabrafenib (gsk2118436),dabrafenib,90
1043,jnk inhibitor ix,jnk inhibitor v,90
1162,conivaptan,conivaptan hydrochloride,90
1175,propafenone hcl,none,90
1207,diphenhydramine,diphenhydramine hydrochloride,90
911,doxycycline hyclate,doxycycline,90
51,valproic acid sodium salt (sodium valproate),valproic acid,90
1365,orotic acid (6-carboxyuracil),orotic acid,90
1426,rose bengal,rose bengal disodium,90
1477,gsk1324726a,gsk1324726a (i-bet726),90
1491,ipi-145 (ink1197),ipi-145,90
1249,pimasertib (as-703026),pimasertib,90
776,pizotifen malate,pizotifen,90
19,eprazinone 2hcl,none,90
858,osimertinib,osimertinib mesylate,90
827,olprinone hydrochloride,none,90
212,propafenone,none,90
661,1beta-methylimipenem,imipenem,90
436,diphenhydramine,diphenhydramine hydrochloride,90
453,pimasertib (as-703026),pimasertib,90
492,orotic acid (6-carboxyuracil),orotic acid,90
254,1beta-methylimipenem,imipenem,90
271,c646,c-646,89
717,c646,c-646,89
321,ncgc00262689-01,ncgc00262376-01,87
323,ncgc00263127-01,ncgc00262376-01,87
887,ncgc00263127-01,ncgc00262376-01,87
573,ncgc00263268-01,ncgc00262376-01,87
606,ncgc00346736-01,ncgc00345336-01,87
878,ncgc00262689-01,ncgc00262376-01,87
1199,ncgc00346590-01,ncgc00344990-01,87
229,ncgc00346531-01,ncgc00345336-01,87
836,ncgc00263226-01,ncgc00262376-01,87
61,ncgc00263270-01,ncgc00262376-01,87
310,ncgc00263226-01,ncgc00262376-01,87
1770,ncgc00347908-01,ncgc00344990-01,87
45,ncgc00166236-01,ncgc00262376-01,87
1585,ncgc00263268-01,ncgc00262376-01,87
1669,ncgc00346736-01,ncgc00345336-01,87
1542,anacetrapib (mk-0859),mk-8245,86
710,925434-55-5,"5,7-dihydroxyflavone",86
658,315703-52-7,"5,7-dihydroxyflavone",86
1691,sc-514,stemolecule sc 1,86
672,17-dmag (alvespimycin) hcl,retaspimycin hcl,86
695,201943-63-7,"5,7-dihydroxyflavone",86
1665,145-13-1,pac-1,86
713,pd-1\\/pd-l1 inhibitor 1,pac-1,86
651,71555-25-4,ruc-4,86
721,153436-54-5,"5,7-dihydroxyflavone",86
724,431979-47-4,ruc-4,86
728,1421227-52-2,"2',3'-dideoxyinosine",86
1694,1-(4-fluorophenyl)-3-(3-(4-fluorophenyl)-3-hydroxypropyl)-4-(4-hydroxyphenyl)azetidin-2-one,"vps34 inhibitor 1 (compound 19, pik-iii analogue)",86
646,112648-68-7,"5,7-dihydroxyflavone",86
1664,"3-(3,4-dihydroxyphenyl)prop-2-enoic acid",ruc-4,86
1699,1265789-88-5,"5,7-dihydroxyflavone",86
642,"[8s-(4e,6z,8r*,9r*,10e,12r*,13s*,14r*,16s*)]-9-[(aminocarbonyl)oxy]-13-hydroxy-8,14,19-trimethoxy-4,10,12,16-tetramethyl-2-azabicyclo[16.3.1]docosa-4,6,10,18,21-pentaene-3,20,22-trione","vps34 inhibitor 1 (compound 19, pik-iii analogue)",86
634,821794-92-7,"5,7-dihydroxyflavone",86
623,cardiogenol c,c-646,86
1700,202590-98-5,"5,7-dihydroxyflavone",86
622,202590-98-5,"5,7-dihydroxyflavone",86
620,1-(4-fluorophenyl)-3-(3-(4-fluorophenyl)-3-hydroxypropyl)-4-(4-hydroxyphenyl)azetidin-2-one,"vps34 inhibitor 1 (compound 19, pik-iii analogue)",86
618,sc-514,stemolecule sc 1,86
1703,cardiogenol c,c-646,86
604,145-13-1,pac-1,86
603,476477-15-3,"2',3'-dideoxyinosine",86
598,1047953-91-2,"2',3'-dideoxyinosine",86
736,2-deoxygalactopyranose,"methyl n-[4-chloro-3-[[3-cyano-8-(cyclopropylamino)imidazo[1,2-b]pyridazin-6-yl]amino]-5-(4-methylpiperazin-1-yl)phenyl]carbamate",86
738,mk-2866 (gtx-024),mk-8245,86
590,117048-62-1,pac-1,86
804,936091-56-4,ruc-4,86
862,akt-i-1-2,pac-1,86
1635,906673-24-3,"2',3'-dideoxyinosine",86
852,477775-14-7,"5,7-dihydroxyflavone",86
848,daclatasvir (bms-790052),acc1 bms,86
1640,220619-73-8,"8-[3-chloro-5-[4-(1-methylpyrazol-4-yl)phenyl]-4-pyridyl]-2,8-diazaspiro[4.5]decan-1-one",86
846,449811-92-1,pac-1,86
841,885692-52-4,ruc-4,86
1645,1047953-91-2,"2',3'-dideoxyinosine",86
834,1-methyl-d-tryptophan,pac-1,86
1655,(e)-n-methyl-2-((3-(2-(pyridin-2-yl)vinyl)-1h-indazol-6-yl)thio)benzamide,merck-22-6,86
825,quinazolin-4-ylamine,ruc-4,86
823,(e)-1-(4-((6-amino-5-((methoxyimino)methyl)pyrimidin-4-yl)oxy)-2-chlorophenyl)-3-ethylurea,"vps34 inhibitor 1 (compound 19, pik-iii analogue)",86
806,888719-03-7,"5,7-dihydroxyflavone",86
785,2-({[4-(3-methoxypropoxy)-3-methylpyridin-2-yl]methyl}sulfinyl)benzimidazol-1-ide,"vps34 inhibitor 1 (compound 19, pik-iii analogue)",86
746,177530-93-7,kn-93,86
784,4\\/4\\/7218,ruc-4,86
780,doripenem hydrate,vinblastine sulfate hydrate,86
1658,ilk-in-2,"2',3'-dideoxyinosine",86
774,glutaminase c-in-1,pac-1,86
773,bisindolylmaleimide i,i-bet726,86
772,antitumor compound 1,pac-1,86
770,1096708-71-2,"2',3'-dideoxyinosine",86
767,bis(2-methoxyethyl) phthalate,"methyl n-[4-chloro-3-[[3-cyano-8-(cyclopropylamino)imidazo[1,2-b]pyridazin-6-yl]amino]-5-(4-methylpiperazin-1-yl)phenyl]carbamate",86
1660,108740-89-2,"2',3'-dideoxyinosine",86
766,1h-indole-5-carboxamide,34793-34-5,86
760,405554-55-4,ruc-4,86
1663,476477-15-3,"2',3'-dideoxyinosine",86
750,83-88-5,"5,7-dihydroxyflavone",86
594,906673-24-3,"2',3'-dideoxyinosine",86
589,pim-1 inhibitor 2,pac-1,86
866,pdk1 inhibitor,"vps34 inhibitor 1 (compound 19, pik-iii analogue)",86
1761,112648-68-7,"5,7-dihydroxyflavone",86
450,5-hydroxy-l-tryptophan,34793-34-5,86
447,"lipase inhibitor, thl","vps34 inhibitor 1 (compound 19, pik-iii analogue)",86
446,"6-(7-hydroxy-6,7-dihydro-5h-pyrrolo[1,2-c]imidazol-7-yl)-n-methyl-2-naphthamide",merck-22-6,86
442,pf-04929113 (snx-5422),pf-04418948,86
1784,bosentan hydrate,vinblastine sulfate hydrate,86
433,1429617-90-2,"2',3'-dideoxyinosine",86
425,145986-26-1,pac-1,86
423,pfi-2,"2',3'-dideoxyinosine",86
1790,71555-25-4,ruc-4,86
417,torin 2,"2',3'-dideoxyinosine",86
416,ide 2,"2',3'-dideoxyinosine",86
405,936091-15-5,"5,7-dihydroxyflavone",86
402,85375-15-1,pac-1,86
401,pd1-pdl1 inhibitor 2,"vps34 inhibitor 1 (compound 19, pik-iii analogue)",86
400,torin 1,"vps34 inhibitor 1 (compound 19, pik-iii analogue)",86
399,"2-methoxy-3,17beta-dihydroxyestra-1,3,5(10)-triene","5,7-dihydroxyflavone",86
397,649756-01-4,ruc-4,86
394,necrostatin 2 s enantiomer,"methyl n-[4-chloro-3-[[3-cyano-8-(cyclopropylamino)imidazo[1,2-b]pyridazin-6-yl]amino]-5-(4-methylpiperazin-1-yl)phenyl]carbamate",86
379,885060-08-2,"2',3'-dideoxyinosine",86
376,(-)-huperzine a (hupa),a-419259,86
373,trichostatin a (tsa),withaferin a,86
353,ha14-1,"vps34 inhibitor 1 (compound 19, pik-iii analogue)",86
352,"(8r,9s,10r,13s,14r,17r)-17-hydroxy-10,13-dimethyl-1,2,6,7,8,9,11,12,14,15,16,17-dodecahydrocyclopenta[a]phenanthren-3-one","vps34 inhibitor 1 (compound 19, pik-iii analogue)",86
332,"2-propenoic acid, 3-[4-(1h-imidazol-1-ylmethyl)phenyl]-, (z)-",orotic acid,86
330,poly(2-fluoroadenylic acid),orotic acid,86
1804,vindesine sulfate,vinblastine sulfate hydrate,86
1814,1627696-51-8,"8-[3-chloro-5-[4-(1-methylpyrazol-4-yl)phenyl]-4-pyridyl]-2,8-diazaspiro[4.5]decan-1-one",86
454,1265229-25-1,pac-1,86
461,10-epi-aclacinomycin a,withaferin a,86
588,308246-52-8,"8-[3-chloro-5-[4-(1-methylpyrazol-4-yl)phenyl]-4-pyridyl]-2,8-diazaspiro[4.5]decan-1-one",86
464,905579-51-3,"2',3'-dideoxyinosine",86
587,170151-24-3,"2',3'-dideoxyinosine",86
580,5-hydroxytryptophan (5-htp),34793-34-5,86
578,1072959-67-1,pac-1,86
1726,821794-92-7,"5,7-dihydroxyflavone",86
576,clindamycin palmitate hcl,retaspimycin hcl,86
574,887650-05-7,"5,7-dihydroxyflavone",86
1730,ferrostatin-1 (fer-1),pac-1,86
570,1197996-80-7,"5,7-dihydroxyflavone",86
563,164658-13-3,"2',3'-dideoxyinosine",86
1734,849675-66-7,"5,7-dihydroxyflavone",86
560,1-beta-d-xylofuranosyluracil,pac-1,86
557,198474-05-4,ruc-4,86
548,sudahwboroxane-uhfffaoysa-n,"methyl n-[4-chloro-3-[[3-cyano-8-(cyclopropylamino)imidazo[1,2-b]pyridazin-6-yl]amino]-5-(4-methylpiperazin-1-yl)phenyl]carbamate",86
545,dimethyl but-2-enedioate,"methyl n-[4-chloro-3-[[3-cyano-8-(cyclopropylamino)imidazo[1,2-b]pyridazin-6-yl]amino]-5-(4-methylpiperazin-1-yl)phenyl]carbamate",86
543,827031-83-4,ruc-4,86
534,mk-801 (dizocilpine),mk-8245,86
524,1134156-31-2,"2',3'-dideoxyinosine",86
514,1202884-94-3,"2',3'-dideoxyinosine",86
513,jasmonic acid methyl ester,orotic acid,86
501,300842-64-2,"2',3'-dideoxyinosine",86
1740,moxifloxacin hydrochloride monohydrate,tiagabine hydrochloride,86
1748,1-[2-fluoro-5-(trifluoromethyl)phenyl]-3-[4-methyl-3-[[(3z)-2-oxo-3-(1h-pyrrol-2-ylmethylidene)-1h-indol-6-yl]amino]phenyl]urea,"vps34 inhibitor 1 (compound 19, pik-iii analogue)",86
481,"benzoic acid, 2-[[3-(3,4-dimethoxyphenyl)-1-oxo-2-propenyl]amino]-",orotic acid,86
479,658084-64-1,pac-1,86
1753,"[8s-(4e,6z,8r*,9r*,10e,12r*,13s*,14r*,16s*)]-9-[(aminocarbonyl)oxy]-13-hydroxy-8,14,19-trimethoxy-4,10,12,16-tetramethyl-2-azabicyclo[16.3.1]docosa-4,6,10,18,21-pentaene-3,20,22-trione","vps34 inhibitor 1 (compound 19, pik-iii analogue)",86
470,483-60-3,"2',3'-dideoxyinosine",86
466,5-(((5-chloro-2-methylpyridin-3-yl)amino)methyl)-n-(3-cyclopentyl-1-(cyclopropylamino)-1-oxopropan-2-yl)thiophene-2-carboxamide,"vps34 inhibitor 1 (compound 19, pik-iii analogue)",86
864,tie2 kinase inhibitor,"vps34 inhibitor 1 (compound 19, pik-iii analogue)",86
877,ag-1478 (tyrphostin ag-1478),ag-041r,86
876,32222-06-3,"2',3'-dideoxyinosine",86
1265,oleanolic acid (caryophyllin),orotic acid,86
1310,176977-56-3,"2',3'-dideoxyinosine",86
1308,i-bet-762,gsk1324726a (i-bet726),86
1304,118414-82-7,az-82,86
1300,867331-82-6,az-82,86
1299,483-60-3,"2',3'-dideoxyinosine",86
1294,476159-98-5,"5,7-dihydroxyflavone",86
1293,1616392-22-3,"2',3'-dideoxyinosine",86
1291,5-(((5-chloro-2-methylpyridin-3-yl)amino)methyl)-n-(3-cyclopentyl-1-(cyclopropylamino)-1-oxopropan-2-yl)thiophene-2-carboxamide,"vps34 inhibitor 1 (compound 19, pik-iii analogue)",86
1289,905579-51-3,"2',3'-dideoxyinosine",86
1284,"(6r)-5,10-methylenetetrahydrofolate","5,7-dihydroxyflavone",86
1271,10-epi-aclacinomycin a,withaferin a,86
1270,her2-inhibitor-1,pac-1,86
1268,38609-97-1,pac-1,86
1564,164658-13-3,"2',3'-dideoxyinosine",86
1544,(r)-(-)-rolipram,r-428,86
1252,1265229-25-1,pac-1,86
1576,1197996-80-7,"5,7-dihydroxyflavone",86
1243,5-hydroxy-l-tryptophan,34793-34-5,86
1241,ku-55933 (atm kinase inhibitor),jnk inhibitor v,86
1239,717906-29-1,pac-1,86
1235,ac480 (bms-599626),acc1 bms,86
1229,"lipase inhibitor, thl","vps34 inhibitor 1 (compound 19, pik-iii analogue)",86
1228,"6-(7-hydroxy-6,7-dihydro-5h-pyrrolo[1,2-c]imidazol-7-yl)-n-methyl-2-naphthamide",merck-22-6,86
1226,kgbplkopsfdbox-uhfffaoysa-n,"methyl n-[4-chloro-3-[[3-cyano-8-(cyclopropylamino)imidazo[1,2-b]pyridazin-6-yl]amino]-5-(4-methylpiperazin-1-yl)phenyl]carbamate",86
1219,pf-04929113 (snx-5422),pf-04418948,86
1578,1869912-40-2,"2',3'-dideoxyinosine",86
1198,942487-16-3,"16,16-dimethyl pge2",86
1197,1429617-90-2,"2',3'-dideoxyinosine",86
1313,irak inhibitor 5,"vps34 inhibitor 1 (compound 19, pik-iii analogue)",86
1328,658084-64-1,pac-1,86
1335,"benzoic acid, 2-[[3-(3,4-dimethoxyphenyl)-1-oxo-2-propenyl]amino]-",orotic acid,86
1353,911417-87-3,"2',3'-dideoxyinosine",86
1537,198474-05-4,ruc-4,86
1532,pf 184,pf-04418948,86
1530,"(13s)-3-hydroxy-13-methyl-7,8,9,11,12,14,15,16-octahydro-6h-cyclopenta[a]phenanthren-17-one",withaferin a,86
1526,mek inhibitor,"vps34 inhibitor 1 (compound 19, pik-iii analogue)",86
1520,1044870-39-4,ruc-4,86
1512,sudahwboroxane-uhfffaoysa-n,"methyl n-[4-chloro-3-[[3-cyano-8-(cyclopropylamino)imidazo[1,2-b]pyridazin-6-yl]amino]-5-(4-methylpiperazin-1-yl)phenyl]carbamate",86
1505,dimethyl but-2-enedioate,"methyl n-[4-chloro-3-[[3-cyano-8-(cyclopropylamino)imidazo[1,2-b]pyridazin-6-yl]amino]-5-(4-methylpiperazin-1-yl)phenyl]carbamate",86
1501,827031-83-4,ruc-4,86
1548,218137-86-1,pac-1,86
1488,944328-88-5,"5,7-dihydroxyflavone",86
1478,mk-801 (dizocilpine),mk-8245,86
1551,1-beta-d-xylofuranosyluracil,pac-1,86
1474,108605-62-5,"5,7-dihydroxyflavone",86
1452,1134156-31-2,"2',3'-dideoxyinosine",86
1451,79558-09-1,pac-1,86
1447,"2-[(5z)-5-[(2z)-2-methyl-3-phenylprop-2-en-1-ylidene]-4-oxo-2-sulfanylidene-1,3-thiazolidin-3-yl]acetic acid","vps34 inhibitor 1 (compound 19, pik-iii analogue)",86
1445,"6-(3-chlorophenyl)pteridine-2,4,7-triamine",merck-22-6,86
1559,1037624-75-1,pac-1,86
1423,1202884-94-3,"2',3'-dideoxyinosine",86
1419,jasmonic acid methyl ester,orotic acid,86
1416,319460-94-1,pac-1,86
1413,1352608-82-2,az-82,86
1409,ingenol 3-angelate,"methyl n-[4-chloro-3-[[3-cyano-8-(cyclopropylamino)imidazo[1,2-b]pyridazin-6-yl]amino]-5-(4-methylpiperazin-1-yl)phenyl]carbamate",86
1388,300842-64-2,"2',3'-dideoxyinosine",86
1561,a 839977,withaferin a,86
1362,153559-76-3,"2',3'-dideoxyinosine",86
1562,gsk 525768a,gsk-583,86
1182,130332-27-3,"2',3'-dideoxyinosine",86
1181,mubritinib (tak 165),tak-593,86
1586,887650-05-7,"5,7-dihydroxyflavone",86
1041,2-[4-[3-[(4-oxidanylidene-3~{h}-phthalazin-1-yl)methyl]phenyl]carbonylpiperazin-1-yl]pyridine-3-carbonitrile,"vps34 inhibitor 1 (compound 19, pik-iii analogue)",86
1035,trichostatin a (tsa),withaferin a,86
1030,"2-(3,7,11-trimethyldodeca-2,6,10-trienylsulfanyl)benzoic acid",merck-22-6,86
1025,wh-4-023,ruc-4,86
1024,891494-64-7,"5,7-dihydroxyflavone",86
1011,benzyl n-{3-methyl-1-[(1-oxohexan-2-yl)carbamoyl]butyl}carbamate,"2',3'-dideoxyinosine",86
1004,938444-93-0,kn-93,86
1611,d-pantothenic acid,orotic acid,86
985,1293395-67-1,pac-1,86
980,2-propylpentanoate,"methyl n-[4-chloro-3-[[3-cyano-8-(cyclopropylamino)imidazo[1,2-b]pyridazin-6-yl]amino]-5-(4-methylpiperazin-1-yl)phenyl]carbamate",86
974,ha14-1,"vps34 inhibitor 1 (compound 19, pik-iii analogue)",86
973,944396-88-7,"5,7-dihydroxyflavone",86
968,"(8r,9s,10r,13s,14r,17r)-17-hydroxy-10,13-dimethyl-1,2,6,7,8,9,11,12,14,15,16,17-dodecahydrocyclopenta[a]phenanthren-3-one","vps34 inhibitor 1 (compound 19, pik-iii analogue)",86
961,451492-95-8,"8-[3-chloro-5-[4-(1-methylpyrazol-4-yl)phenyl]-4-pyridyl]-2,8-diazaspiro[4.5]decan-1-one",86
1615,170151-24-3,"2',3'-dideoxyinosine",86
948,155206-00-1,pac-1,86
917,17-hydroxypregn-4-en-20-yn-3-one,ruc-4,86
913,900515-16-4,"16,16-dimethyl pge2",86
1617,308246-52-8,"8-[3-chloro-5-[4-(1-methylpyrazol-4-yl)phenyl]-4-pyridyl]-2,8-diazaspiro[4.5]decan-1-one",86
910,"2-propenoic acid, 3-[4-(1h-imidazol-1-ylmethyl)phenyl]-, (z)-",orotic acid,86
1,96036-03-2,"2',3'-dideoxyinosine",86
905,(r)-bicalutamide,r-428,86
898,"4-[4-(4-methoxyphenyl)-5-methyl-1h-pyrazol-3-yl]benzene-1,3-diol","5,7-dihydroxyflavone",86
896,hpi 1,stemolecule sc 1,86
1618,pim-1 inhibitor 2,pac-1,86
1621,67469-78-7,"5,7-dihydroxyflavone",86
884,171927-40-5,"5,7-dihydroxyflavone",86
1623,117048-62-1,pac-1,86
1039,(-)-huperzine a (hupa),a-419259,86
1607,473382-39-7,"5,7-dihydroxyflavone",86
1173,145986-26-1,pac-1,86
1047,885060-08-2,"2',3'-dideoxyinosine",86
1170,pfi-2,"2',3'-dideoxyinosine",86
1164,entecavir impurity a,withaferin a,86
1588,clindamycin palmitate hcl,retaspimycin hcl,86
1593,1072959-67-1,pac-1,86
1595,5-hydroxytryptophan (5-htp),34793-34-5,86
1144,torin 2,"2',3'-dideoxyinosine",86
1141,ide 2,"2',3'-dideoxyinosine",86
1129,1062368-24-4,ruc-4,86
1123,"vincristine sulfate, apocynaceae sp.",sp-2509,86
1121,936091-15-5,"5,7-dihydroxyflavone",86
1110,85375-15-1,pac-1,86
1109,pd1-pdl1 inhibitor 2,"vps34 inhibitor 1 (compound 19, pik-iii analogue)",86
1106,cot inhibitor-2,"vps34 inhibitor 1 (compound 19, pik-iii analogue)",86
1105,torin 1,"vps34 inhibitor 1 (compound 19, pik-iii analogue)",86
1104,"2-methoxy-3,17beta-dihydroxyestra-1,3,5(10)-triene","5,7-dihydroxyflavone",86
1602,89565-68-4,ruc-4,86
1101,649756-01-4,ruc-4,86
1099,5-chloro-n-((2-oxo-3-(4-(3-oxomorpholino)phenyl)oxazolidin-5-yl)methyl)thiophene-2-carboxamide,"5,7-dihydroxyflavone",86
1095,882531-87-5,"5,7-dihydroxyflavone",86
1092,necrostatin 2 s enantiomer,"methyl n-[4-chloro-3-[[3-cyano-8-(cyclopropylamino)imidazo[1,2-b]pyridazin-6-yl]amino]-5-(4-methylpiperazin-1-yl)phenyl]carbamate",86
1082,303727-31-3,"2',3'-dideoxyinosine",86
1068,950912-80-8,"8-[3-chloro-5-[4-(1-methylpyrazol-4-yl)phenyl]-4-pyridyl]-2,8-diazaspiro[4.5]decan-1-one",86
1062,1314241-44-5,"5,7-dihydroxyflavone",86
1057,entecavir hydrate,vinblastine sulfate hydrate,86
1056,11-cis retinoic acid,orotic acid,86
1051,110448-33-4,ruc-4,86
1049,"dibenz[b,e]oxepin-2-aceticacid, 11-[3-(dimethylamino)propylidene]-6,11-dihydro-, (11z)-","2',3'-dideoxyinosine",86
908,poly(2-fluoroadenylic acid),orotic acid,86
1816,315703-52-7,"5,7-dihydroxyflavone",86
81,309928-48-1,pac-1,86
297,888719-03-7,"5,7-dihydroxyflavone",86
183,89778-26-7,"5,7-dihydroxyflavone",86
71,ml130 (nodinitib-1),pac-1,86
67,2-phenylcyclopropanamine,"methyl n-[4-chloro-3-[[3-cyano-8-(cyclopropylamino)imidazo[1,2-b]pyridazin-6-yl]amino]-5-(4-methylpiperazin-1-yl)phenyl]carbamate",86
201,664969-54-4,ruc-4,86
65,brivanib (bms-540215),acc1 bms,86
70,252916-29-3,"2',3'-dideoxyinosine",86
167,1554458-53-5,"5,7-dihydroxyflavone",86
78,1-docosanol,pac-1,86
110,80306-38-3,"2',3'-dideoxyinosine",86
244,mk-8745,mk-8245,86
37,1169562-71-3,"2',3'-dideoxyinosine",86
32,"(2z,4e,6e,8e)-n-(4-hydroxyphenyl)-3,7-dimethyl-9-(2,6,6-trimethyl-1-cyclohexenyl)nona-2,4,6,8-tetraenamide","vps34 inhibitor 1 (compound 19, pik-iii analogue)",86
36,204133-10-8,"8-[3-chloro-5-[4-(1-methylpyrazol-4-yl)phenyl]-4-pyridyl]-2,8-diazaspiro[4.5]decan-1-one",86
224,ri-1,stemolecule sc 1,86
126,38194-50-2,"2',3'-dideoxyinosine",86
66,cobimetinib (r-enantiomer),r-428,86
112,134036-52-5,"5,7-dihydroxyflavone",86
158,ly 2365109 hydrochloride,ly-3009120,86
7,avagacestat (bms-708163),acc1 bms,86
162,952021-60-2,"2',3'-dideoxyinosine",86
100,zoledronic acid hydrate,orotic acid,86
33,193746-75-7,"5,7-dihydroxyflavone",86
241,155148-31-5,"5,7-dihydroxyflavone",86
240,sns-032 (bms-387032),acc1 bms,86
160,ikk-16 (ikk inhibitor vii),jnk inhibitor v,86
161,301836-43-1,pac-1,86
169,314042-01-8,"8-[3-chloro-5-[4-(1-methylpyrazol-4-yl)phenyl]-4-pyridyl]-2,8-diazaspiro[4.5]decan-1-one",86
98,1370256-78-2,"2',3'-dideoxyinosine",86
288,doripenem hydrate,vinblastine sulfate hydrate,86
285,glutaminase c-in-1,pac-1,86
114,853910-02-8,"8-[3-chloro-5-[4-(1-methylpyrazol-4-yl)phenyl]-4-pyridyl]-2,8-diazaspiro[4.5]decan-1-one",86
139,2-cl-ib-meca,"2',3'-dideoxyinosine",86
213,ag-490 (tyrphostin b42),ag-041r,86
88,3-deazaneplanocin a (dznep),withaferin a,86
48,schisandrin b (sch b),"methyl n-[4-chloro-3-[[3-cyano-8-(cyclopropylamino)imidazo[1,2-b]pyridazin-6-yl]amino]-5-(4-methylpiperazin-1-yl)phenyl]carbamate",86
82,phenelzine sulfate,vinblastine sulfate hydrate,86
49,stemregenin 1 (sr1),pac-1,86
59,600734-06-3,"2',3'-dideoxyinosine",86
207,494772-87-1,pac-1,86
205,121268-17-5,"5,7-dihydroxyflavone",86
106,13292-46-1,pac-1,86
42,odanacatib (mk-0822),mk-8245,86
132,1221186-53-3,"2',3'-dideoxyinosine",86
283,bis(2-methoxyethyl) phthalate,"methyl n-[4-chloro-3-[[3-cyano-8-(cyclopropylamino)imidazo[1,2-b]pyridazin-6-yl]amino]-5-(4-methylpiperazin-1-yl)phenyl]carbamate",86
214,200484-11-3,"2',3'-dideoxyinosine",86
307,(e)-1-(4-((6-amino-5-((methoxyimino)methyl)pyrimidin-4-yl)oxy)-2-chlorophenyl)-3-ethylurea,"vps34 inhibitor 1 (compound 19, pik-iii analogue)",86
24,859853-30-8,"8-[3-chloro-5-[4-(1-methylpyrazol-4-yl)phenyl]-4-pyridyl]-2,8-diazaspiro[4.5]decan-1-one",86
90,913064-47-8,"8-[3-chloro-5-[4-(1-methylpyrazol-4-yl)phenyl]-4-pyridyl]-2,8-diazaspiro[4.5]decan-1-one",86
25,180083-23-2,"2',3'-dideoxyinosine",86
76,"ethyl 4-(5-acrylamido-2-fluorophenyl)-7h-pyrrolo[2,3-d]pyrimidine-5-carboxylate","5,7-dihydroxyflavone",86
259,17-dmag (alvespimycin) hcl,retaspimycin hcl,86
280,177530-93-7,kn-93,86
196,57-22-7,"5,7-dihydroxyflavone",86
4,volasertib (bi 6727),bi-847325,86
181,"(3alpha,5beta,7alpha)-3,7-dihydroxycholan-24-oic acid",orotic acid,86
107,snx-2112 (pf-04928473),pf-04418948,86
127,1-(1-naphthylmethyl)piperazine,pac-1,86
96,rigosertib sodium(random configuration),rabeprazole sodium,86
1361,chembl3188517,chembl3188661,85
1131,chembl3186846,chembl3188661,85
55,chembl3188521,chembl3188661,85
410,chembl3186846,chembl3188661,85
113,chembl3185811,chembl3188661,85
999,schembl1461351,schembl15455613,83
971,irbinitinib,binimetinib,82
1745,ncgc00346737-01,ncgc00346747,81
725,octopamine hydrochloride,tiagabine hydrochloride,81
1281,chembl562308,schembl15262358,81
1318,ncgc00346471-01,ncgc00346747,81
1462,ncgc00346475-01,ncgc00346747,81
1806,chembl166161,chembl3188661,80
194,ncgc00345821-01,ncgc00345336-01,80
925,ncgc00185736-01,ncgc00183434-01,80
727,ncgc00263119-01,ncgc00262376-01,80
286,ncgc00263527-02,ncgc00262376-01,80
175,ncgc00253909-01,ncgc00344990-01,80
138,ncgc00263280-01,ncgc00262376-01,80
652,ncgc00346481-01,ncgc00344990-01,80
775,ncgc00263527-02,ncgc00262376-01,80
1810,ncgc00346729-01,ncgc00344990-01,80
1005,ncgc00262398-02,ncgc00262376-01,80
1070,chembl3349002,chembl494027,80
1384,ncgc00263228-01,ncgc00262376-01,80
1534,ncgc00346661-01,ncgc00345336-01,80
452,ncgc00346524-01,ncgc00344990-01,80
23,tizanidine,tizoxanide,80
215,ncgc00346609-01,ncgc00344990-01,80
855,ncgc00346664-01,ncgc00344990-01,80
656,ncgc00346729-01,ncgc00344990-01,80
756,enzalutamide (mdv3100),flutamide,80
16,ncgc00346563-01,ncgc00183434-01,80
1458,ml329,ml132,80
130,schembl12175228,schembl15262358,80
1727,ncgc00263092-01,ncgc00262376-01,80
946,ncgc00346501-01,ncgc00344990-01,80
1396,ncgc00163474-05,ncgc00183434-01,80
1714,ncgc00346580-01,ncgc00344990-01,80
1657,ncgc00186013-01,ncgc00183434-01,80
1247,ncgc00346524-01,ncgc00344990-01,80
1090,ent-lamivudine,pentamidine,80
635,ncgc00263092-01,ncgc00262376-01,80
1329,ncgc00346728-01,ncgc00345336-01,80
506,ncgc00163474-05,ncgc00183434-01,80
1231,ncgc00346559-01,ncgc00344990-01,80
819,ncgc00345810-01,ncgc00344990-01,80
1122,ncgc00263148-01,ncgc00262376-01,80
315,ncgc00346664-01,ncgc00344990-01,80
385,chembl3349002,chembl494027,80
1074,ncgc00347283-01,ncgc00183434-01,80
1394,chembl3348927,chembl494027,80
702,ncgc00263143-01,ncgc00183434-01,80
742,pioglitazone,rosiglitazone,80
363,ncgc00262398-02,ncgc00262376-01,80
393,ent-lamivudine,pentamidine,80
1326,ncgc00346827-01,ncgc00345336-01,80
1433,ncgc00250393-01,ncgc00345336-01,80
268,ncgc00263143-01,ncgc00183434-01,80
1639,ncgc00346660-01,ncgc00344990-01,80
874,ncgc00163532-01,ncgc00183434-01,80
517,ncgc00250393-01,ncgc00345336-01,80
219,ncgc00263139-01,ncgc00262376-01,80
696,ncgc00163424-03,ncgc00183434-01,80
1798,ncgc00346481-01,ncgc00344990-01,80
1441,ncgc00345819-01,ncgc00344990-01,80
520,ncgc00345819-01,ncgc00344990-01,80
406,ncgc00263148-01,ncgc00262376-01,80
1763,ncgc00016330-01,ncgc00183434-01,80
38,ncgc00346523-01,ncgc00183434-01,80
304,ncgc00345810-01,ncgc00344990-01,80
551,beclomethasone dipropionate,clobetasol propionate,79
1408,masitinib (ab1010),avitinib,79
1259,azd8931 (sapitinib),avitinib,79
952,linomide,lenalidomide,79
1119,lappaconite hbr,lappaconitine,79
1208,"(3s,4r)-tofacitinib",avitinib,79
1432,bestatin,irestatin 9389,79
1517,beclomethasone dipropionate,clobetasol propionate,79
72,fenebrutinib,evobrutinib,78
704,nitrofural,nitrofurazone,78
1686,chembl3348886,chembl3188661,77
1142,chembl3348961,chembl3188661,77
1280,chembl256963,schembl2595766,77
1140,chembl1878119,chembl3188661,77
1137,chembl2138817,chembl3188661,77
17,chembl3856067,chembl3188661,77
1424,schembl82368,schembl2805038,77
316,chembl3188944,chembl3188661,77
1425,irinotecan hydrochloride,tiagabine hydrochloride,77
1499,chembl3188572,chembl3188661,77
1189,chembl3348891,chembl3188661,77
586,gsk503,gsk-583,77
1018,chembl3348869,chembl3188661,77
300,indotecan hydrochloride,indimitecan hydrochloride (lmp-776),77
234,chembl3348871,chembl3188661,77
1206,chembl3184655,chembl3188661,77
809,indotecan hydrochloride,indimitecan hydrochloride (lmp-776),77
413,chembl2138817,chembl3188661,77
601,chembl3348881,chembl3188661,77
856,chembl3188944,chembl3188661,77
1446,chembl3348841,chembl3188661,77
1159,chembl3348860,chembl3188661,77
1612,gsk503,gsk-583,77
1646,chembl258696,schembl2595766,77
920,aminophylline,diprophylline,77
1608,fluphenazine dihydrochloride,diphenhydramine hydrochloride,77
435,chembl3184655,chembl3188661,77
53,chembl3128069,chembl3188661,77
1651,chembl3348881,chembl3188661,77
1738,gramine,diphenhydramine hydrochloride,77
660,chembl3182364,chembl3188661,77
585,fluphenazine dihydrochloride,diphenhydramine hydrochloride,77
1533,schembl17680458,schembl2805038,76
383,schembl2263525,schembl15262358,76
30,mavelertinib,alectinib,76
1236,schembl20734874,schembl2805038,76
1055,schembl2263525,schembl15262358,76
1541,darolutamide,flutamide,76
1737,chembl492193,chembl494027,75
691,glpg0974,glpg0634,75
637,chembl492193,chembl494027,75
18,inolitazone,rosiglitazone,75
180,gsk126,gsk1324726a (i-bet726),75
1399,ncgc00162423-03,ncgc00241036,74
235,schembl326516,schembl2595766,74
29,troxipide,arsenic trioxide,74
1013,calcifediol,calindol,74
257,geniposide,etoposide,74
511,gsk2126458 (gsk458),gsk-583,74
1627,lenvatinib (e7080),avitinib,74
1379,chembl130321,schembl15637431,74
246,chembl2140838,schembl2805038,74
729,chembl2140543,schembl2805038,74
670,geniposide,etoposide,74
1411,gsk2126458 (gsk458),gsk-583,74
1380,neratinib (hki-272),avitinib,74
508,ncgc00162423-03,ncgc00241036,74
485,pheniramine maleate,irsogladine maleate,74
314,ncgc00162409-03,ncgc00241036,74
853,ncgc00162409-03,ncgc00241036,74
1242,chembl2052019,schembl2805038,74
1786,ncgc00242511-02,ncgc00241036,74
1323,chembl213634,schembl15637431,74
1538,chlorogenic acid,orotic acid,74
134,beta-narcotine,arecoline,74
1342,pheniramine maleate,irsogladine maleate,74
803,ncgc00014911-01,ncgc00344990-01,73
1021,az 628,az-82,73
74,ncgc00095245-01,ncgc00345336-01,73
745,ncgc00344622-02,ncgc00344990-01,73
743,ncgc00016641-01,ncgc00183434-01,73
278,ncgc00016641-01,ncgc00183434-01,73
600,ncgc00167798-01,ncgc00183434-01,73
1729,ncgc00481082-01,ncgc00344990-01,73
279,ncgc00344622-02,ncgc00344990-01,73
218,ncgc00181131-02,ncgc00183434-01,73
632,ncgc00163548-02,ncgc00183434-01,73
13,ncgc00250402-01,ncgc00262376-01,73
256,schembl16126186,schembl15262358,73
579,ncgc00179363-03,ncgc00183434-01,73
1676,phenytoin sodium,disufenton sodium,73
1215,ncgc00162383-02,ncgc00183434-01,73
870,antipyrine,azathioprine,73
392,ncgc00142624-04,ncgc00183434-01,73
1650,ncgc00167798-01,ncgc00183434-01,73
1177,simurosertib,pimasertib,73
1563,ncgc00018159-01,ncgc00183434-01,73
612,phenytoin sodium,disufenton sodium,73
718,spectinomycin hcl,retaspimycin hcl,73
426,simurosertib,pimasertib,73
1492,ncgc00095145-01,ncgc00183434-01,73
295,ncgc00014911-01,ncgc00344990-01,73
155,ncgc00164566-02,ncgc00345336-01,73
199,ncgc00017354-06,ncgc00183434-01,73
922,ncgc00347282-01,ncgc00344990-01,73
1594,ncgc00179363-03,ncgc00183434-01,73
1721,ncgc00163548-02,ncgc00183434-01,73
909,ncgc00164604-03,ncgc00183434-01,73
331,ncgc00164604-03,ncgc00183434-01,73
990,ml-327,ml132,73
748,ncgc00163683-02,ncgc00183434-01,73
197,ml161,lcl161,73
1402,ncgc00167431-02,ncgc00183434-01,73
1805,ncgc00242478-02,ncgc00262376-01,73
655,ncgc00242478-02,ncgc00262376-01,73
762,ncgc00179454-04,ncgc00183434-01,73
319,antipyrine,azathioprine,73
1088,ncgc00142624-04,ncgc00183434-01,73
668,schembl16126186,schembl15262358,73
935,ncgc00017394-08,ncgc00183434-01,73
1085,schembl16177287,schembl15262358,73
701,ncgc00262545-02,ncgc00262376-01,73
675,selumetinib (azd6244),pexmetinib,72
700,chembl3348894,chembl494027,72
242,rocilinostat (acy-1215),pac-1,72
826,cx-4945 (silmitasertib),pimasertib,72
396,nebivolol hydrochloride,conivaptan hydrochloride,72
1037,chembl3348949,chembl494027,72
1636,chembl3348952,chembl494027,72
996,chembl3184424,chembl494027,72
682,xl388,chembl3188661,72
720,schembl13210325,ml132,72
1509,cis-diethyl stilbestrol,estradiol,72
687,chembl3348975,chembl494027,72
9,chembl3348987,chembl494027,72
679,chembl359618,chembl3188661,72
1497,nsc 663284,c-646,72
388,chembl3348944,chembl494027,72
230,chembl1288002,ml132,72
1791,chembl3348954,chembl494027,72
347,chembl3348930,chembl494027,72
111,chembl3348967,chembl494027,72
1290,etp-46464,c-646,72
102,chembl3348922,chembl494027,72
79,chembl1364159,ml132,72
365,chembl1242367,ml132,72
1234,schembl12611449,ml132,72
386,tg003,ncgc00346747,72
1498,chembl3348926,chembl494027,72
1511,chembl3348950,chembl494027,72
1223,chembl371226,chembl3188661,72
1015,chembl1242367,ml132,72
1430,chembl3348946,chembl494027,72
1220,ml315,schembl15262358,72
1218,chembl3348924,chembl494027,72
360,chembl3184424,chembl494027,72
1701,chembl3348847,chembl494027,72
528,ta-02,srt-3025,72
1097,nebivolol hydrochloride,conivaptan hydrochloride,72
542,chembl3348926,chembl494027,72
1747,chembl3348910,chembl494027,72
1724,chembl3349015,chembl494027,72
1540,chembl1270810,ml132,72
260,selumetinib (azd6244),pexmetinib,72
178,zuclomiphene,imipenem,72
1147,chembl1394734,chembl494027,72
1063,ac1l21nn,,72
1702,nicotinic acid,orotic acid,72
444,chembl371226,chembl3188661,72
474,levamisole hydrochloride,tiagabine hydrochloride,72
1459,ta-02,srt-3025,72
516,chembl3348946,chembl494027,72
1071,tg003,ncgc00346747,72
1065,chembl2132584,ml132,72
1560,safinamide mesylate,imatinib mesylate,72
10,dcc-2036 (rebastinib),avitinib,72
1179,chembl3348982,chembl494027,72
949,schembl12880048,ml132,72
1076,chembl3348944,chembl494027,72
950,chembl3348930,chembl494027,72
1718,chembl3348997,chembl494027,72
427,chembl3348982,chembl494027,72
263,chembl3348975,chembl494027,72
1168,chembl3348914,chembl494027,72
1314,levamisole hydrochloride,tiagabine hydrochloride,72
1340,chembl1221434,ml132,72
798,chembl3348905,chembl494027,72
483,chembl1221434,ml132,72
1112,chembl3348892,chembl494027,72
465,etp-46464,c-646,72
472,tak-438,tak-593,71
984,schembl652920,schembl15262358,71
1372,rd 162,arry-162,71
1127,chembl1706858,schembl15262358,71
1725,chembl2137189,schembl15637431,71
535,sb431542,sb-415286,71
667,chembl2143157,schembl15637431,71
669,chembl2018451,schembl15455613,71
1098,schembl1946862,schembl2595766,71
1809,chembl1950303,schembl15637431,71
1279,chembl1643208,schembl15262358,71
840,th-302,srt-3025,71
1269,azd5438,azd2858,71
1710,schembl2300706,schembl2595766,71
1787,gsk 650394,gsk-583,71
626,schembl2300706,schembl2595766,71
1233,chembl3814532,schembl15455613,71
409,chembl1706858,schembl15262358,71
93,didanosine,dioscin,71
1306,tak-438,tak-593,71
1483,sb431542,sb-415286,71
387,su-14813,bs-181,71
1746,chembl3348931,schembl15637431,71
711,gsk6853,gsk-583,71
633,chembl2137189,schembl15637431,71
85,azd8186,azd2858,71
1200,schembl3958507,schembl2805038,71
91,chembl1706473,schembl15637431,71
1075,su-14813,bs-181,71
342,orphenadrine,pentamidine,70
714,ripretinib,pexmetinib,70
270,ripretinib,pexmetinib,70
916,benazepril hcl,enalapril,70
1756,tepotinib,evobrutinib,70
882,nifenazone,nitrofurazone,70
938,orphenadrine,pentamidine,70
39,saracatinib (azd0530),alectinib,70
1368,trametinib (gsk1120212),alectinib,70
1378,canertinib (ci-1033),alectinib,70
1807,pacritinib (sb1518),alectinib,70
1321,aminoguanidine hemisulfate,minoxidil sulfate,70
833,prilocaine,primaquine,70
333,benazepril hcl,enalapril,70
1069,chembl63426,chembl494027,70
1449,chembl3348877,chembl3188661,69
69,chembl3348858,chembl3188661,69
792,chembl3348888,chembl3188661,69
703,tetracycline hcl,retaspimycin hcl,69
227,chembl3348988,chembl3188661,69
951,chembl1824695,chembl3188661,69
838,chembl1090466,chembl3188661,69
1558,chembl3348883,chembl3188661,69
172,chembl3348899,chembl3188661,69
869,chembl3417706,chembl3188661,69
752,schembl20400776,schembl2805038,69
886,chembl3348874,chembl3188661,69
845,chembl258622,schembl2805038,69
165,chembl3348991,chembl3188661,69
1336,schembl6874948,schembl15637431,69
1048,schembl3619307,schembl15455613,69
152,chembl3348853,chembl3188661,69
1648,chembl3348824,chembl3188661,69
149,chembl2136663,chembl3188661,69
562,chembl3348883,chembl3188661,69
1077,amd 473,elesclomol (sta-4783),69
1096,chembl3348916,chembl3188661,69
1705,chembl75474,schembl15557416,69
1128,chembl3348822,chembl3188661,69
1339,chembl3348849,chembl3188661,69
482,schembl6874948,schembl15637431,69
1165,agn-pc-0mu5n5,agn-pc-088pn3,69
1042,schembl3954849,schembl15262358,69
1180,chembl3183090,chembl3188661,69
422,agn-pc-0mu5n5,agn-pc-088pn3,69
291,chembl3348888,chembl3188661,69
1196,chembl3348848,chembl3188661,69
1759,chembl3348956,chembl3188661,69
1202,chembl3348884,chembl3188661,69
1769,sulfadiazine,(+/-)-sulfinpyrazone,69
395,chembl3348916,chembl3188661,69
1783,schembl8233739,schembl15637431,69
1245,chembl3348887,chembl3188661,69
1254,chembl3348989,chembl3188661,69
1044,chembl3348872,chembl3188661,69
1124,chembl1836853,chembl3188661,69
47,chembl3348829,chembl3188661,69
1392,chembl3348895,chembl3188661,69
1412,chembl3348985,chembl3188661,69
1016,chembl3348919,chembl3188661,69
624,chembl75474,schembl15557416,69
163,chembl3348918,chembl3188661,69
1163,tetracaine hcl,eaca,68
421,tetracaine hcl,eaca,68
1485,norepinephrine,none,68
1752,vilazodone hcl,none,68
63,romidepsinfk-228,r-428,68
92,zinc pyrithione,none,68
438,bracken fern toxic component,none,68
1736,trans-piceatannol,eaca,68
281,cinacalcet hcl,eaca,68
649,ecdysterone,none,68
463,dehydroepiandrosterone (dhea),none,68
1528,vx-809 (lumacaftor),eaca,68
897,halcinonide,none,68
650,diclofenac potassium,eaca,68
1337,bupivacaine hcl,eaca,68
1728,quizartinib (ac220),avitinib,68
176,palmatine chloride,tiagabine hydrochloride,68
484,vinflunine tartrate,none,68
778,proparacaine hcl,eaca,68
1717,adrenalone hcl,none,68
1464,pirfenidone,none,68
1573,beta carotene,eaca,68
699,milciclib (pha-848125),a-419259,68
676,flecainide,eaca,68
879,tg101348 (sar302503),srt-3025,68
374,selenomethionine,none,68
1278,ag-18,agn-pc-0bvn1y,68
327,halcinonide,none,68
336,flumethasone,none,68
1797,ivacaftor (vx-770),eaca,68
68,fmau,primaquine,68
191,trazodone hcl,none,68
1283,dehydroepiandrosterone (dhea),none,68
1584,triamcinolone,none,68
348,naltrexone hcl,none,68
1285,fluorometholone acetate,none,68
1415,flopropione,none,68
120,brl15572,schembl15557416,68
1776,diclofenac potassium,eaca,68
1771,ecdysterone,none,68
868,phenylbutazone,none,68
1302,liothyronine sodium,none,68
1211,bracken fern toxic component,none,68
872,pelitinib (ekb-569),avitinib,68
1209,naloxone hcl,none,68
678,patupilone,none,68
1525,pevonedistat,none,68
208,fostamatinib (r788),avitinib,68
1716,ponatinib (ap24534),avitinib,68
1273,ipriflavone (osteofix),none,68
494,adenine hcl,none,68
1341,vinflunine tartrate,none,68
641,vilazodone hcl,none,68
1568,amuvatinib (mp-470),avitinib,68
146,achp,viracept,68
1679,indacaterol maleate,eaca,68
749,cyproheptadine,stavudine,68
747,cinacalcet hcl,eaca,68
1081,pramiracetam,viracept,68
262,ropivacaine hcl,eaca,68
536,norepinephrine,none,68
261,flecainide,eaca,68
629,adrenalone hcl,none,68
1431,afatinib (bibw2992),avitinib,68
565,amuvatinib (mp-470),avitinib,68
1073,pancuronium dibromide,pac-1,68
568,beta carotene,eaca,68
1656,talc,dalcetrapib,68
596,amiodarone,none,68
1684,nandrolone phenpropionate,none,68
1460,xanthone,none,68
1695,ziprasidone,none,68
1036,selenomethionine,none,68
1572,triciribinephosphate,dideoxycytidine 5'-triphosphate,68
211,naringin dihydrochalcone,none,68
686,ropivacaine hcl,eaca,68
1641,amiodarone,none,68
1397,buspirone hcl,none,68
955,naltrexone hcl,none,68
1507,ziprasidone hcl,none,68
1367,adenine hcl,none,68
927,flumethasone,none,68
87,amiodarone hcl,none,68
103,torsemide,etoposide,67
1256,ncgc00178127-04,ncgc00183434-01,67
313,ncgc00016797-04,ncgc00346747,67
1052,ncgc00178852-05,ncgc00183434-01,67
1266,cct241533,cct251236,67
99,azd6482,az-82,67
1386,chembl2107334,schembl2805038,67
847,ncgc00016797-04,ncgc00346747,67
1020,mx69,m2698,67
1287,quiflapon sodium,disufenton sodium,67
1387,chembl2143037,schembl2805038,67
1028,ncgc00090808-03,ncgc00344990-01,67
1385,chembl2144820,schembl2805038,67
1258,ncgc00014650-03,ncgc00241036,67
1201,ncgc00090782-07,ncgc00344990-01,67
1296,schembl16606206,schembl15262358,67
1400,cct137690,cct251236,67
1463,krn 633,kn-93,67
919,chembl2070615,schembl2805038,67
963,lithocholic acid,aminocaproic acid,67
1145,histamine,stavudine,67
1117,ncgc00094763-03,ncgc00241036,67
1360,eo 1428,r-428,67
1111,ncgc00164600-03,ncgc00241036,67
1481,chembl481512,schembl15262358,67
122,rivafurazon,nitrofurazone,67
988,tizanidine hcl,tizoxanide,67
1455,sulfisoxazole,(+/-)-sulfinpyrazone,67
1003,clomiphene,imipenem,67
1087,chembl317493,schembl15557416,67
1084,afuresertib,pimasertib,67
1374,az 3146,at-13148,67
976,arq 621,arry-162,67
1454,nithiamide,pentamidine,67
1493,celastrol,estradiol,67
1391,granisetron,galeterone,67
793,chembl3322515,schembl2595766,67
391,chembl317493,schembl15557416,67
630,nsc 23766,nsc132361,67
1796,ncgc00165782-02,ncgc00183434-01,67
434,ncgc00090782-07,ncgc00344990-01,67
1524,ncgc00021305-08,ncgc00183434-01,67
779,meclizine,meclinertant,67
781,chembl2170099,schembl2805038,67
228,phenothiazine,pentamidine,67
245,chembl2337032,schembl2805038,67
350,lithocholic acid,aminocaproic acid,67
303,ncgc00021925-04,ncgc00262376-01,67
605,chembl2133870,schembl2805038,67
1599,chembl3972653,schembl2595766,67
5,bix 02565,bix-02189,67
1603,l-carnitine,lappaconitine,67
457,ncgc00178127-04,ncgc00183434-01,67
15,calmidazolium,calindol,67
460,cct241533,cct251236,67
467,schembl16606206,schembl15262358,67
1794,vancomycin hcl,retaspimycin hcl,67
366,mx69,m2698,67
355,arq 621,arry-162,67
357,tizanidine hcl,tizoxanide,67
1719,nsc 23766,nsc132361,67
1788,ncgc00142605-03,ncgc00241036,67
500,chembl2107334,schembl2805038,67
1633,elaiophylin,diprophylline,67
817,ncgc00021925-04,ncgc00262376-01,67
225,gdc-0941,ag-041r,67
404,ncgc00094763-03,ncgc00241036,67
835,tacrine hcl,retaspimycin hcl,67
1569,st 2825,srt-3025,67
390,afuresertib,pimasertib,67
529,krn 633,kn-93,67
1685,ophthalmadine,pentamidine,67
539,celastrol,estradiol,67
1812,taselisib,duvelisib,67
715,chembl2134570,schembl2595766,67
380,ncgc00178852-05,ncgc00183434-01,67
1668,chembl2133870,schembl2805038,67
503,granisetron,galeterone,67
554,ncgc00021305-08,ncgc00183434-01,67
1666,unc0646,c-646,67
1571,ncgc00165799-02,ncgc00344990-01,67
567,ncgc00165799-02,ncgc00344990-01,67
1554,ncgc00167518-03,ncgc00241036,67
697,ncgc00090797-11,ncgc00344990-01,67
1654,ncgc00160515-03,ncgc00241036,67
1582,phthalylsulfacetamide,pentamidine,67
1583,chembl2325079,schembl2805038,67
57,laq824 (dacinostat),martinostat,66
377,phentolamine mesylate,pentamidine,66
843,mocetinostat (mgcd0103),martinostat,66
186,vincristine,vinblastine sulfate,66
1354,benzydamine hcl,diphenhydramine hydrochloride,66
1688,pracinostat (sb939),martinostat,66
490,benzydamine hcl,diphenhydramine hydrochloride,66
616,pracinostat (sb939),martinostat,66
842,lorcaserin hcl,aspirin,66
1040,phentolamine mesylate,pentamidine,66
1022,camostat mesilate,imatinib mesylate,65
547,ncgc00016752-02,ncgc00262376-01,64
1086,osthole,stemolecule sc 1,64
1683,flavopiridol hcl,aspirin,64
1186,terbinafine hcl,quinine,64
1438,mln8054,schembl2805038,64
1192,dsstox_cid_28582,azd2858,64
223,gsk2837808a,gsk-583,64
1707,rupatadine fumarate,stavudine,64
532,moguisteine,fisetin,64
86,9-cis acitretin,fisetin,64
1567,betahistine 2hcl,fisetin,64
1204,elvitegravir ,nelfinavir,64
220,vortioxetine (lu aa21004) hbr,fisetin,64
505,chembl2144690,schembl15557416,64
1649,chembl3393439,schembl15637431,64
430,terbinafine hcl,quinine,64
1390,tegaserod,hiv integrase inhibitor,64
54,(+)-matrine,martinostat,64
1395,chembl2144690,schembl15557416,64
1033,naringin,thapsigargin,64
1613,schembl19918218,chembl3188661,64
615,flavopiridol hcl,aspirin,64
1637,chembl3103040,chembl494027,64
1050,ca-074me,eaca,64
1176,pseudoyohimbine,imipenem,64
1642,alisertib (mln8237),fisetin,64
1345,secinh3,hiv integrase inhibitor,64
681,terbinafine,quinine,64
249,chembl3348935,chembl494027,64
1061,guanidine hcl,guanadrel,64
625,rupatadine fumarate,stavudine,64
1032,olopatadine hcl,stavudine,64
289,mexiletine hcl,fisetin,64
755,ci994 (tacedinaline),quinine,64
1529,tic10,orotic acid,64
371,olopatadine hcl,stavudine,64
384,guanidine hcl,guanadrel,64
179,gnf-pf-1145,ipi-145,64
1217,chembl3348995,chembl494027,64
786,ak-77283,elesclomol (sta-4783),64
372,naringin,thapsigargin,64
1238,gsk2578215a,gsk-583,64
907,mianserin hcl,aspirin,64
782,mexiletine hcl,fisetin,64
1303,podophyllotoxin,dyphylline,64
184,chembl3348955,schembl15455613,64
108,noscapine hcl,dioscin,64
1782,histamine 2hcl,fisetin,64
1465,azelastine,azathioprine,64
1264,oxytetracycline (terramycin),4'-epiadriamycin,64
829,chembl2426174,schembl15557416,64
1224,vorasidenib,evobrutinib,64
851,sns-314 mesylate,osimertinib mesylate,64
1510,ncgc00016752-02,ncgc00262376-01,64
1471,moguisteine,fisetin,64
1169,pd 169316,ldn-193189,63
1161,tianeptine sodium,rabeprazole sodium,63
1592,naphazoline hcl,apaziquone,63
1604,gsk1292263,gsk1324726a (i-bet726),63
398,ccg 50014,cct-251545,63
1332,estraguard,estradiol,63
378,doxorubicin (adriamycin),epirubicin,63
617,safinamide,flutamide,63
495,moxonidine,5-fluoro-2'-deoxyuridine,63
1046,doxorubicin (adriamycin),epirubicin,63
1381,nadifloxacin,dioscin,63
865,azasetron,galeterone,63
577,naphazoline hcl,apaziquone,63
1371,moxonidine,5-fluoro-2'-deoxyuridine,63
978,sulfamethoxypyridazine,primaquine,63
1102,ccg 50014,cct-251545,63
751,procaterol,cyproterone acetate,63
923,cimetidine,dideoxycytidine 5'-triphosphate,63
1690,safinamide,flutamide,63
101,ruski-201 dihydrochloride,tiagabine hydrochloride,62
1407,chembl3103000,chembl3188661,62
890,sepantronium,disufenton sodium,62
662,dimebolin,dioscin,62
1072,d-penicillamine,pentamidine,62
1570,phenylephrine,diphenhydramine hydrochloride,62
11,lidocaine,dioscin,62
255,dimebolin,dioscin,62
740,gsk872,gsk-583,62
277,gsk872,gsk-583,62
324,ac1l9b2s,acc1 bms,62
345,tolmetin sodium,disufenton sodium,62
1019,chembl244464,schembl2595766,62
1442,diacerein,dioscin,62
808,terazosin hcl,retaspimycin hcl,62
1195,ac1o7gnd,ac1ns1dp,62
1486,zm 447439,z-3229,62
611,oxaprozin,aspirin,62
893,sb 265610,sp-2509,62
944,tolmetin sodium,disufenton sodium,62
566,phenylephrine,diphenhydramine hydrochloride,62
888,ac1l9b2s,acc1 bms,62
521,diacerein,dioscin,62
854,gsk343,gsk-583,62
1108,biib021,bix-02189,62
1590,sb-612111,sb-1317,62
299,terazosin hcl,retaspimycin hcl,62
709,cd 437,dp-4978,62
1692,tws119,tas-116,62
226,gsk481,gsk-583,62
993,articaine hcl,retaspimycin hcl,62
1675,oxaprozin,aspirin,62
1813,luliconazole,(+/-)-sulfinpyrazone,62
1172,indisulam,minoxidil sulfate,62
801,huperzine a,withaferin a,61
814,yohimbine hcl,imipenem,61
832,sar245409 (xl765),sp-2509,61
1274,ilomastat (gm6001- galardin),martinostat,61
1093,chebi:94798,chembl494027,61
831,terbinex,cyproterone acetate,61
1348,fluphenazine,pentamidine,61
1377,sitagliptin phosphate monohydrate,pluripotin,61
248,zoxazolamine,doxofylline,61
1682,ibutamoren mesylate,imatinib mesylate,61
934,ticlopidine,azathioprine,61
309,terbinex,cyproterone acetate,61
1803,sertaconazole nitrate,serba-1,61
822,alizapride hcl,enalapril,61
306,alizapride hcl,enalapril,61
1515,homatropine bromide,arecoline,61
1114,cromolyn sodium,rabeprazole sodium,61
340,ticlopidine,azathioprine,61
468,ly2409881 trihydrochloride,melphalan hydrochloride,61
488,fluphenazine,pentamidine,61
125,ranitidine,lappaconitine,61
1154,gadodiamide,lenalidomide,61
1556,hydralazine hcl,apaziquone,61
1735,deoxyarbutin,evobrutinib,61
471,dorzolamide,furazolidone,61
1148,azd9496 (maleate),enalapril maleate,61
1301,dorzolamide,furazolidone,61
1297,ly2409881 trihydrochloride,melphalan hydrochloride,61
783,atracurium besylate,imatinib mesylate,61
116,vx-680,gw-768505a,60
140,isoprenaline hcl,arecoline,60
1731,sf2523,cct251236,60
424,levodropropizine,pizotifen,60
1187,prucalopride succinate,,60
1263,lb-100,ly-3009120,60
1704,dbeq,etoposide,60
118,oprozomib (onx 0912),jx-401,60
510,co-1686 (avl-301),ly-3009120,60
117,crenolanib (cp-868596),,60
1324,rivastigmine,imipenem,60
1276,maprotiline hcl,arecoline,60
1359,etofibrate,cyproterone acetate,60
1739,amoxicillin,(å?-taxifolin,60
1363,ml347,ml132,60
123,canadine,rutaecarpine,60
441,repsox,5-fluorodeoxyuridine,60
439,131848-97-0,at-13148,60
1749,ganetespib,,60
1352,gw7647,gw-768505a,60
94,alogliptin,pluripotin,60
1185,propranolol hcl,,60
526,phenazopyridine hcl,azathioprine,60
1768,sc144,stemolecule sc 1,60
1171,levodropropizine,pizotifen,60
1317,succinylcholine chloride dihydrate,arecoline,60
12,potassium canrenoate,,60
1331,a66,c-646,60
370,cgs 21680,bs-181,60
1135,az 960,bms-906024,60
1244,mc1568,schembl15637431,60
293,ac1nunml,,60
305,d-mannitol,,60
1713,troxatyl,trimetrexate,60
1785,dmxaa (vadimezan),,60
429,propranolol hcl,,60
1146,catharanthine,,60
1138,tocris-1958,bs-181,60
1712,isoconazole,,60
1214,repsox,5-fluorodeoxyuridine,60
475,succinylcholine chloride dihydrate,arecoline,60
414,tocris-1958,bs-181,60
1760,salicylanilide,,60
1765,u-104,ruc-4,60
496,semaxanib (su5416),,60
487,ly2857785,evacetrapib (ly2484595),60
109,naproxen,,60
1250,epoxomicin,epirubicin,60
1346,ly2857785,evacetrapib (ly2484595),60
296,avanafil,,60
1191,acetylcholine chloride,arecoline,60
1212,131848-97-0,at-13148,60
346,azilsartan,,60
367,(-)-ethyl apovincaminate,,60
369,phenoxybenzamine hcl,pentamidine,60
1152,ncgc00025091-04,ncgc00344990-01,60
1350,tandutinib (mln518),,60
1190,zinc11616871,lcl161,60
1351,strontium ranelate,,60
334,fmk-mea,eaca,60
1777,ammonium glycyrrhizinate,,60
1059,gabexate,enalapril maleate,60
1370,sibutramine,flutamide,60
144,quinapril hcl,,60
758,fexofenadine hcl,,60
757,alpelisib(byl-719),duvelisib,60
1557,pranoprofen,,60
1456,phenazopyridine hcl,azathioprine,60
753,zibotentan (zd4054),,60
216,difluprednate,,60
939,valganciclovir,,60
940,temocapril hcl,enalapril,60
947,azilsartan,,60
1565,eletriptan hbr,,60
1566,tyrphostin 9,kn-93,60
726,blz945,schembl15455613,60
1437,valsartan,,60
1410,co-1686 (avl-301),ly-3009120,60
965,gw0742,sb1317/tg02,60
716,onx-0914 (pr-957),jx-401,60
712,nicotinamide (vitamin b3),flutamide,60
168,econazole,rabeprazole sodium,60
979,dopamine hcl,diphenhydramine hydrochloride,60
1422,cetirizine,epirubicin,60
1421,trifluoperazine 2hcl,furazolidone,60
688,venlafaxine,,60
1587,crystal violet,estradiol,60
992,rizatriptan,,60
994,dabigatran etexilate,,60
674,lumiracoxib,rofecoxib,60
924,crotaglin,irsogladine maleate,60
1555,ncgc00096095-02,ncgc00344990-01,60
1553,atazanavir,,60
769,"ly-310,762",ly-3009120,60
192,jnj-26854165 (serdemetan),,60
830,ly294002,chembl494027,60
859,guanabenz acetate,guanadrel,60
1500,papaverine,apaziquone,60
863,dihydroartemisinin (dha),,60
821,d-mannitol,,60
187,dynasore,,60
820,sitaxsentan,,60
1519,15(s)-fluprostenol isopropyl ester,valproate,60
813,oxybutynin,,60
1522,sumanirole,,60
185,lx7101,hmsl10019,60
805,avanafil,,60
799,ac1nunml,,60
1535,isoevodiamine,imipenem,60
1482,ml369,m2698,60
1479,serotonin hcl,,60
790,silibinin,,60
899,butenafine hcl,,60
900,ergosterine,cyproterone acetate,60
1470,irbesartan,,60
912,nafamostat,,60
914,abt-263 (navitoclax),,60
1549,bethanechol,,60
918,fmk-mea,eaca,60
998,"l-690,330",ly-3009120,60
962,hesperidin,epirubicin,60
599,warfarin,withaferin a,60
591,ciclopirox ethanolamine,arecoline,60
1029,phenoxybenzamine hcl,pentamidine,60
159,memantine hcl,,60
1031,cgs 21680,bs-181,60
1034,ncgc00095055-03,ncgc00344990-01,60
1638,ssr128129e,bs-181,60
243,cediranib (azd2171),,60
153,cct 018159,bs-181,60
595,ssr128129e,bs-181,60
1644,tivozanib (av-951),,60
1647,warfarin,withaferin a,60
1653,zinc11616261,lcl161,60
1023,(-)-ethyl apovincaminate,,60
1066,tiplaxtinin,,60
575,crystal violet,estradiol,60
564,tyrphostin 9,kn-93,60
1662,sulconazole nitrate,,60
1080,gant 58,,60
147,phenytoin,pentamidine,60
264,venlafaxine,,60
1681,ml364,ml132,60
1373,semaxanib (su5416),,60
1687,cysteamine hcl,stavudine,60
238,ski ii,jnk inhibitor v,60
0,closantel,,60
627,isoconazole,,60
636,sf2523,cct251236,60
1628,ciclopirox ethanolamine,arecoline,60
1629,meclizine 2hcl,arecoline,60
40,cyproheptadine hcl,stavudine,60
236,gentian violet cation,,60
34,vatalanib (ptk787) 2hcl,,60
639,ganetespib,,60
787,cyclamic  acid,valproic acid,59
1476,phenoxybenzamine,pentamidine,59
28,hydroxyzine 2hcl,hydroxyurea,59
936,rheochrysidin,indimitecan hydrochloride (lmp-776),59
206,sorbitol,estradiol,59
1708,visudyne,stavudine,59
269,sclareol,arecoline,59
705,sclareol,arecoline,59
1414,pf-4981517,dp-4978,59
1750,ots-964,bms-906024,59
432,nsc 319726,sb-1317,59
252,adonitol,estradiol,59
156,cinepazide maleate,irsogladine maleate,59
344,mkc3946,smdc873969,59
368,pf-2545920,sp-2509,59
1311,gs-9620,bms-906024,59
1194,nsc 319726,sb-1317,59
1596,suprofen,pizotifen,59
1800,nsc23925,nsc132361,59
943,mkc3946,smdc873969,59
1620,gsk682753a,gsk-583,59
52,laetrile,estradiol,59
1516,gsk2256098,gsk-583,59
1026,pf-2545920,sp-2509,59
1315,bms 299897,bms-595,59
1193,luteolin,(å?-taxifolin,59
1094,tilmicosin,dioscin,59
954,semagacestat (ly450139),evacetrapib (ly2484595),59
723,bacitracin,aspirin,59
104,capecitabine (xeloda),pentamidine,58
203,bosutinib (ski-606),evobrutinib,58
1406,phenformin hcl,diphenhydramine hydrochloride,58
64,alverine citrate,ribavirin triphosphate,58
1678,gsk2256294a,gsk1324726a (i-bet726),58
341,givinostat (itf2357),martinostat,58
1012,belinostat (pxd101),martinostat,58
937,givinostat (itf2357),martinostat,58
744,gsk1904529a,gsk1324726a (i-bet726),58
1382,ivabradine hcl,tiagabine hydrochloride,58
722,"usnic acid, d-",orotic acid,58
498,ivabradine hcl,tiagabine hydrochloride,58
1338,epinephrine hcl,retaspimycin hcl,58
273,"usnic acid, d-",orotic acid,58
614,gsk2256294a,gsk1324726a (i-bet726),58
1575,vitamin d3,irestatin 9389,58
1631,azd3965,azd2858,57
1698,azd6738,azd2858,57
1693,senexin b,"methyl n-[4-chloro-3-[[3-cyano-8-(cyclopropylamino)imidazo[1,2-b]pyridazin-6-yl]amino]-5-(4-methylpiperazin-1-yl)phenyl]carbamate",57
1282,hc 067047,ncgc00346747,57
1472,duloxetine,doxycycline,57
1758,1022958-60-6,"methyl n-[4-chloro-3-[[3-cyano-8-(cyclopropylamino)imidazo[1,2-b]pyridazin-6-yl]amino]-5-(4-methylpiperazin-1-yl)phenyl]carbamate",57
1503,ribociclib,minocycline,57
1504,amlodipine,pentamidine,57
1312,megestryl acetate,estradiol,57
1506,901245-65-6,"methyl n-[4-chloro-3-[[3-cyano-8-(cyclopropylamino)imidazo[1,2-b]pyridazin-6-yl]amino]-5-(4-methylpiperazin-1-yl)phenyl]carbamate",57
2,procaine hcl,retaspimycin hcl,57
1440,imidapril hcl,aspirin,57
1808,epinephrine bitartrate,rutaecarpine,57
1518,27726-35-8,"methyl n-[4-chloro-3-[[3-cyano-8-(cyclopropylamino)imidazo[1,2-b]pyridazin-6-yl]amino]-5-(4-methylpiperazin-1-yl)phenyl]carbamate",57
1457,gw4064,glpg0634,57
1475,b i09,bix-02189,57
1439,azd2461,azd2858,57
1467,852918-02-6,"methyl n-[4-chloro-3-[[3-cyano-8-(cyclopropylamino)imidazo[1,2-b]pyridazin-6-yl]amino]-5-(4-methylpiperazin-1-yl)phenyl]carbamate",57
1298,bi-671800,bs-181,57
62,kpt-185,mk-8245,57
1417,1101810-02-9,bs-181,57
1316,gsk3787,gsk-583,57
1536,krp-297,sp-2509,57
89,captopril,azathioprine,57
1581,nystatin (fungicidin),avitinib,57
1661,mm-102,bms-906024,57
1461,sr 1664,tas-116,57
1606,35922-06-6,"methyl n-[4-chloro-3-[[3-cyano-8-(cyclopropylamino)imidazo[1,2-b]pyridazin-6-yl]amino]-5-(4-methylpiperazin-1-yl)phenyl]carbamate",57
8,alfuzosin,furazolidone,57
20,54-62-6,"methyl n-[4-chloro-3-[[3-cyano-8-(cyclopropylamino)imidazo[1,2-b]pyridazin-6-yl]amino]-5-(4-methylpiperazin-1-yl)phenyl]carbamate",57
83,su11274,sb-1317,57
14,zinc103939005,ncgc00344990-01,57
312,unc569,unc-0631,57
972,fluvastatin sodium,disufenton sodium,57
128,jnj-1661010,jx-401,57
592,azd3965,azd2858,57
512,1101810-02-9,bs-181,57
408,iniparib (bsi-201),bs-181,57
958,azd5363,azd2858,57
754,bay 61-3606,way-100635,57
217,x-396,smdc873969,57
290,erk 11e,serba-1,57
739,gw 6471,ag-041r,57
732,caffeine citrate,cyproterone acetate,57
966,xl019,bix-02189,57
967,1155877-97-6,"methyl n-[4-chloro-3-[[3-cyano-8-(cyclopropylamino)imidazo[1,2-b]pyridazin-6-yl]amino]-5-(4-methylpiperazin-1-yl)phenyl]carbamate",57
448,azd8330,azd2858,57
451,azd0156,azd2858,57
527,gw4064,glpg0634,57
584,35922-06-6,"methyl n-[4-chloro-3-[[3-cyano-8-(cyclopropylamino)imidazo[1,2-b]pyridazin-6-yl]amino]-5-(4-methylpiperazin-1-yl)phenyl]carbamate",57
455,7728-73-6,"methyl n-[4-chloro-3-[[3-cyano-8-(cyclopropylamino)imidazo[1,2-b]pyridazin-6-yl]amino]-5-(4-methylpiperazin-1-yl)phenyl]carbamate",57
1158,1239610-44-6,"methyl n-[4-chloro-3-[[3-cyano-8-(cyclopropylamino)imidazo[1,2-b]pyridazin-6-yl]amino]-5-(4-methylpiperazin-1-yl)phenyl]carbamate",57
459,58131-57-0,sb1317/tg02,57
166,xav-939,tak-593,57
469,bi-671800,bs-181,57
276,gw 6471,ag-041r,57
981,azd3759,azd2858,57
666,amg 548,ag-041r,57
987,azd1480,azd2858,57
619,senexin b,"methyl n-[4-chloro-3-[[3-cyano-8-(cyclopropylamino)imidazo[1,2-b]pyridazin-6-yl]amino]-5-(4-methylpiperazin-1-yl)phenyl]carbamate",57
1126,iniparib (bsi-201),bs-181,57
519,imidapril hcl,aspirin,57
645,1022958-60-6,"methyl n-[4-chloro-3-[[3-cyano-8-(cyclopropylamino)imidazo[1,2-b]pyridazin-6-yl]amino]-5-(4-methylpiperazin-1-yl)phenyl]carbamate",57
210,ritodrine hcl,5-fluoro-2'-deoxyuridine,57
533,b i09,bix-02189,57
945,azd4547,azd2858,57
1232,azd8330,azd2858,57
105,brinderdin,binimetinib,57
871,oxybuprocaine hcl,primaquine,57
1262,58131-57-0,sb1317/tg02,57
189,rx-3117,sb-1317,57
320,oxybuprocaine hcl,primaquine,57
1253,7728-73-6,"methyl n-[4-chloro-3-[[3-cyano-8-(cyclopropylamino)imidazo[1,2-b]pyridazin-6-yl]amino]-5-(4-methylpiperazin-1-yl)phenyl]carbamate",57
860,azd2014,azd2858,57
892,gw1929,a-419259,57
844,unc569,unc-0631,57
572,nystatin (fungicidin),avitinib,57
143,lp 533401,pac-1,57
1246,azd0156,azd2858,57
1007,803712-67-6,"methyl n-[4-chloro-3-[[3-cyano-8-(cyclopropylamino)imidazo[1,2-b]pyridazin-6-yl]amino]-5-(4-methylpiperazin-1-yl)phenyl]carbamate",57
1103,pf-4136309,pf-04418948,57
544,amlodipine,pentamidine,57
546,901245-65-6,"methyl n-[4-chloro-3-[[3-cyano-8-(cyclopropylamino)imidazo[1,2-b]pyridazin-6-yl]amino]-5-(4-methylpiperazin-1-yl)phenyl]carbamate",57
115,azd3264,azd2858,57
789,erk 11e,serba-1,57
351,1155877-97-6,"methyl n-[4-chloro-3-[[3-cyano-8-(cyclopropylamino)imidazo[1,2-b]pyridazin-6-yl]amino]-5-(4-methylpiperazin-1-yl)phenyl]carbamate",57
791,td139,ldn193189,57
796,gsk2801,gsk-583,57
613,sodium phenylbutyrate,imipenem,56
1632,sb 206553,sb-415286,56
27,chlorhexidine base,diphenhydramine hydrochloride,56
1009,ch5132799,ctk5b2993,56
1038,cobicistat (gs-9350),sp-2509,56
148,ethynodiol diacetate,viracept,56
157,clonidine hcl,indimitecan hydrochloride (lmp-776),56
1652,triethylgallamine,imipenem,56
1014,abt-199 (gdc-0199),a-419259,56
558,clomipramine hcl,diphenhydramine hydrochloride,56
602,triethylgallamine,imipenem,56
154,tocris-1097,sb-1317,56
559,sonolisib,duvelisib,56
582,bay1125976,a-419259,56
583,isodonol,furazolidone,56
258,molport-042-665-727,srt-3025,56
638,btz043 racemate,viracept,56
1450,sb 239063,sb-415286,56
875,dihydroquercetin,alectinib,56
861,bgt226 (nvp-bgt226),gsk1324726a (i-bet726),56
1473,alvelestat,irsogladine maleate,56
903,sar131675 racemate,viracept,56
828,neoprofen,etoposide,56
1513,nitrendipine,dioscin,56
177,gsk963 racemate,viracept,56
1466,iem 1754 dihydrobromide,"5,7-dihydroxyflavone",56
1521,tocris-1479,sb-1317,56
802,brimonidine tartrate,trimetrexate,56
1453,trimethyl glycine,"16,16-dimethyl pge2",56
75,ibuprofen,pizotifen,56
1547,clomipramine hcl,diphenhydramine hydrochloride,56
1404,climbazole,calindol,56
1550,sonolisib,duvelisib,56
763,ctk8f0346,ctk8g0501,56
698,ak176003,way-100635,56
694,amiloride hcl,indimitecan hydrochloride (lmp-776),56
1375,desfesoterodine,galeterone,56
692,l-hyoscyamine,imipenem,56
690,gdc-0879,smdc873969,56
671,molport-042-665-727,srt-3025,56
1597,lexibulin,(å?-taxifolin,56
1600,bay1125976,a-419259,56
1601,isodonol,furazolidone,56
1000,sodium ascorbate,rabeprazole sodium,56
1079,as601245,bms-906024,56
880,voreloxin,rofecoxib,56
1744,raf265 derivative,cerovive,56
440,pramoxine hcl,diphenhydramine hydrochloride,56
1134,suplatast,minoxidil sulfate,56
1288,bio-acetoxime,viracept,56
497,desfesoterodine,galeterone,56
1150,biotin (vitamin b7),avitinib,56
480,cyclocytidine hcl,dideoxycytidine 5'-triphosphate,56
462,moroxydine hcl,5-fluorodeoxyuridine,56
1330,cyclocytidine hcl,dideoxycytidine 5'-triphosphate,56
1743,btz043 racemate,viracept,56
124,dibucaine hcl,tiagabine hydrochloride,56
1349,carbamazepine,rutaecarpine,56
375,cobicistat (gs-9350),sp-2509,56
431,cetirizine dihcl,retaspimycin hcl,56
1188,cetirizine dihcl,retaspimycin hcl,56
412,suplatast,minoxidil sulfate,56
1778,ctk8e8456,ctk8g0501,56
1213,pramoxine hcl,diphenhydramine hydrochloride,56
294,brimonidine tartrate,trimetrexate,56
1775,pravastatin,irestatin 9389,56
1706,zosuquidar (ly335979) 3hcl,sulindac,56
489,carbamazepine,rutaecarpine,56
1277,moroxydine hcl,5-fluorodeoxyuridine,56
530,iem 1754 dihydrobromide,"5,7-dihydroxyflavone",56
318,bgt226 (nvp-bgt226),gsk1324726a (i-bet726),56
1369,bibr 1532,bi-847325,56
549,nitrendipine,dioscin,56
1100,clomipramine,imipenem,56
266,gdc-0879,smdc873969,56
552,tocris-1479,sb-1317,56
308,neoprofen,etoposide,56
525,trimethyl glycine,"16,16-dimethyl pge2",56
1677,sodium phenylbutyrate,imipenem,56
267,l-hyoscyamine,imipenem,56
1697,voglibose,rosiglitazone,55
977,cetylpyridinium chloride,tiagabine hydrochloride,55
685,gzd824,az-82,55
1428,qcr-20,r-428,55
209,isovaleramide,flutamide,55
486,mln2238,schembl15262358,55
885,ve-822,az-82,55
665,ethyl bromopyruvate,methylene blue,55
1089,ouabain octahydrate,hydroxyurea,55
1344,mln2238,schembl15262358,55
1248,ifosfamide-d4,flutamide,55
1496,chebi:95054,schembl15557416,54
795,ulipristal,enalapril maleate,54
1781,ac1l1euk,pac-1,54
311,ac1o7h3f,pac-1,54
788,ampk activator,cdiba,54
1539,fingolimod,rose bengal disodium,54
797,ro4929097,r-428,54
1789,ro4987655,r-428,54
202,ac1of4nf,pac-1,54
325,raf265 (chir-265),r-428,54
1527,gsk2982772,m2698,54
807,ac1m4bzh,pac-1,54
195,erismodegib,cdiba,54
839,ac1o7h3f,pac-1,54
837,ac1o41r4,pac-1,54
857,nibr189,bemcentinib,54
329,ha130,at-13148,54
3,ac1l9b3j,pac-1,54
338,124936-75-0,34793-34-5,54
1502,u0126,ncgc00262376,54
1773,pd 150606,pac-1,54
1514,pk 11195,pac-1,54
200,zinc43163828,ml132,54
339,183321-86-0,ml132,54
343,zinc896472,c-646,54
1793,chrysin,retaspimycin,54
1523,pf-299804,m2698,54
1811,gsk2334470,gsk1324726a (i-bet726),54
555,gsk2982772,m2698,54
298,ac1m4bzh,pac-1,54
597,doxapram hcl,pac-1,54
648,ac1nrbje,pac-1,54
1616,gsk2194069,gsk1324726a (i-bet726),54
647,flavoxate hcl,"5,7-dihydroxyflavone",54
502,bdbm30026,ml132,54
1622,saridegib,cdiba,54
518,upf 1069,pac-1,54
21,ac1l1ijy,pac-1,54
1643,doxapram hcl,pac-1,54
1709,wye-125132 (wye-132),ml132,54
1689,ly3023414,ml132,54
538,gyki-52466,c-646,54
541,chebi:95054,schembl15557416,54
550,pk 11195,pac-1,54
253,1218942-37-0,bix-02189,54
1490,gyki-52466,c-646,54
553,pf-299804,m2698,54
659,1218942-37-0,bix-02189,54
478,rita (nsc 652287),c-646,54
1767,talarozole,rabeprazole sodium,54
222,ac1lu7hw,pac-1,54
1766,ac1nrbje,pac-1,54
764,nsc 242267,c-646,54
1762,flavoxate hcl,"5,7-dihydroxyflavone",54
761,ac1mwlhc,pac-1,54
415,amd 3465,c-646,54
735,nepicastat,cyproterone acetate,54
734,pd 198306,kn-93,54
1667,gdc-0980 (rg7422),r-428,54
680,batimastat (bb-94),pimasertib,54
708,triptolide (pg490),tizoxanide,54
1742,az191,ldn-193189,54
1580,sar405838,r-428,54
282,ac1mwlhc,pac-1,54
456,neohesperidin,dioscin,54
1722,ac1ofcjy,pac-1,54
683,ac1o53dl,pac-1,54
1275,skf 89976a,kn-93,54
1546,ac1mdwz9,pac-1,54
1139,amd 3465,c-646,54
1487,gbr 12935,kn-93,54
1468,chir-98014,r-428,54
1389,bdbm30026,ml132,54
1295,pd184352 (ci-1040),pac-1,54
1327,rita (nsc 652287),c-646,54
1010,ataluren (ptc124),pac-1,54
921,gsk269962a,m2698,54
1006,mls-0090801.0001,ly-3009120,54
929,10356-76-0,ncgc00262376-01,54
930,124936-75-0,34793-34-5,54
931,183321-86-0,ml132,54
933,ac1l34yq,pac-1,54
121,brl-54443,ruc-4,54
942,zinc896472,c-646,54
97,fasudil (ha-1077) hcl,pac-1,54
1136,ac1layfc,pac-1,54
983,ac1lakoz,pac-1,54
1427,chlorocresol,tiagabine hydrochloride,54
1305,anisotropine methylbromide,lenalidomide,54
970,org 25935,kn-93,54
1434,upf 1069,pac-1,54
1436,gsk429286a,m2698,54
1292,amprolium hcl,valproic acid,54
170,ro 51,cct-251545,54
904,ha130,at-13148,54
1058,epz-6438,c-646,54
137,e7449,evacetrapib (ly2484595),54
889,raf265 (chir-265),r-428,54
1067,1346528-06-0,r-428,54
1107,degrasyn (wp1130),deltarasin,54
1334,chebi:93770,kn-93,54
1130,ink 128 (mln0128),r-428,54
1364,xl147,gsk1324726a (i-bet726),54
1333,ac1of340,pac-1,54
141,ym 12617,m2698,54
1255,neohesperidin,dioscin,54
1054,zinc28538988,azd2858,53
22,unc3866,unc-0631,53
41,bromhexine hcl,retaspimycin hcl,53
382,zinc28538988,azd2858,53
135,unii-70n8wtd318,unc-0631,53
1309,prazosin hcl,aspirin,53
231,unii-j2h993jf5q,quinine,53
522,hms3655l04,hmsl10019,53
1347,sp600125,sp-2509,53
707,arbidol hcl,calindol,53
1132,avl-292,a-419259,53
1435,1233948-35-0,at-13148,53
504,bergapten,dabrafenib,53
411,avl-292,a-419259,53
292,lomefloxacin hcl,arecoline,53
1609,kpt-330,srt-3025,53
1155,gsk690693,g62x909y89,53
1755,otssp167,tas-116,53
1723,siponimod,tizoxanide,53
1183,erythritol,estradiol,53
643,otssp167,tas-116,53
1174,gm 1489,at-13148,53
1320,otilonium,filgotinib,53
26,a922500,a-419259,53
1166,sb216763,sb-1317,53
959,azacyclonol,calindol,53
1393,bergapten,dabrafenib,53
1060,ki8751,bi-847325,53
1157,fg-4592,a-419259,53
1160,unc1999,unc-0631,53
1203,rx-5902,srt-3025,53
932,gsk2636771,nsc132361,53
349,azacyclonol,calindol,53
794,lomefloxacin hcl,arecoline,53
1225,dsstox_cid_31408,at-13148,53
1222,cyc116,cct251236,53
1272,unc2025,unc-0631,53
302,levobetaxolol hcl,(å?-taxifolin,53
335,bromhexine,rofecoxib,53
1444,hms3655l04,hmsl10019,53
926,bromhexine,rofecoxib,53
816,levobetaxolol hcl,(å?-taxifolin,53
174,scopolamine hbr,flutamide,53
1598,ym155 (sepantronium bromide),lenalidomide,52
1286,lomefloxacin,rolofylline,52
1319,zinc208012538,schembl2805038,52
476,zinc208012538,schembl2805038,52
77,sb743921,schembl15637431,52
1078,tic10 isomer,pimasertib,52
389,tic10 isomer,pimasertib,52
1120,potassium iodide,pentamidine,52
129,esmolol hcl,stemolecule sc 1,52
221,mocravimod,aminocaproic acid,52
581,ym155 (sepantronium bromide),lenalidomide,52
1216,zinc17545571,schembl15557416,52
1366,xylazine hcl,vinblastine sulfate,52
493,xylazine hcl,vinblastine sulfate,52
1672,cromoglycate,cyproterone acetate,52
418,nu7441 (ku-57788),kn-93,51
419,wnt-c59 (c59),kn-93,51
800,mln9708,chembl494027,51
941,edo-s101,stemolecule sc 1,51
1610,vuf 10166,c-646,51
1673,cloxacillin sodium,aspirin,51
182,bgj398 (nvp-bgj398),kn-93,51
1792,unii-4hve799mej,ipi-145,51
1251,gsk4112,gsk1324726a (i-bet726),51
145,js-k,agn-pc-07rjk8,51
1448,unii-7e99b9zm19,kn-93,51
1008,benserazide hcl,serba-1,51
741,zinc242723022,z-3229,51
894,zinc250325905,sp-2509,51
1659,fenoprofen calcium,aminocaproic acid,51
902,667463-62-9,c-646,51
609,cloxacillin sodium,aspirin,51
150,chelerythrine,conivaptan hydrochloride,51
198,vlx1570,schembl15557416,51
1230,217645-70-0,c-646,51
657,unii-fa554tw3up,ipi-145,51
250,pbpo,dalcetrapib,51
1267,164178-33-0,r-428,51
733,unii-rf59kj79dg,ipi-145,51
867,unii-s098k6hgd9,kn-93,51
491,tae226 (nvp-tae226),az-82,51
1774,caa0225,ncgc00262376,51
523,unii-7e99b9zm19,kn-93,51
188,sgc2085,ncgc00183434-01,51
969,endoxifen e-isomer,disufenton sodium,51
1605,gsk1016790a,sb-1317,51
1420,moclobemide (ro 111163),tas-116,51
1261,unii-bxu45zh6li,ipi-145,51
1151,nu7441 (ku-57788),kn-93,51
1358,tae226 (nvp-tae226),az-82,51
364,benserazide hcl,serba-1,51
1418,abt-751 (e7010),pac-1,51
1205,bgt-226 free base,az-82,51
274,unii-rf59kj79dg,ipi-145,51
1153,wnt-c59 (c59),kn-93,51
1113,bet-bay 002,az-82,51
1545,nvp-bvu972,kn-93,51
1815,unii-fa554tw3up,ipi-145,51
1484,nvp-cgm097,kn-93,51
6,tae684 (nvp-tae684),c-646,51
1480,zstk474,elesclomol (sta-4783),51
272,flunixin meglumin,binimetinib,50
1053,ozagrel hcl,lcl161,50
1495,626222-24-0,jx-401,50
906,1144035-53-9,z-3229,50
509,nicaraven,conivaptan hydrochloride,50
190,227088-94-0,jx-401,50
556,acyclovir,minocycline,50
1260,tiotropium bromide hydrate,hydroxyurea,50
136,ambroxol hcl,lcl161,50
1715,azlocillin sodium salt,rolofylline,50
473,methimazole,osimertinib mesylate,50
1356,frax486,r-428,50
477,gw3965,gw-768505a,50
1116,ozagrel,arecoline,50
1115,gtpl6731,pf562271,50
265,gw5074,gw-768505a,50
1674,prt062607,ncgc00262376-01,50
1780,tm30089,hmsl10019,50
1064,pd98059,ldn193189,50
664,gw2580,gw-768505a,50
1307,methimazole,osimertinib mesylate,50
204,al 8697,az-82,50
119,zm39923,ml132,50
31,ki16198,m2698,50
995,zinc3831133,nsc132361,50
989,1440754-12-0,"8-[3-chloro-5-[4-(1-methylpyrazol-4-yl)phenyl]-4-pyridyl]-2,8-diazaspiro[4.5]decan-1-one",50
730,ly2584702,evacetrapib (ly2484595),50
673,sr9011,bs-181,50
677,go 6976,c-646,50
44,methylthiouracil,"8-[3-chloro-5-[4-(1-methylpyrazol-4-yl)phenyl]-4-pyridyl]-2,8-diazaspiro[4.5]decan-1-one",50
1405,nicaraven,conivaptan hydrochloride,50
403,ozagrel,arecoline,50
719,flunixin meglumin,binimetinib,50
46,hsp990,agn-pc-0hpk0p,50
689,gw5074,gw-768505a,50
358,1440754-12-0,"8-[3-chloro-5-[4-(1-methylpyrazol-4-yl)phenyl]-4-pyridyl]-2,8-diazaspiro[4.5]decan-1-one",50
1772,eed226,merck-22-6,50
359,zinc3831133,nsc132361,50
956,pu-ws13,pac-1,50
1531,acyclovir,minocycline,50
1184,1262770-73-9,z-3229,50
1322,gw3965,gw-768505a,50
628,azlocillin sodium salt,rolofylline,50
1733,gsk256066,gsk-583,50
1221,7553-53-9,z-3229,50
1027,mrt67307,srt-3025,50
915,amg 232,cpg-52364,50
610,prt062607,ncgc00262376-01,50
1443,928774-43-0,jx-401,50
428,1262770-73-9,z-3229,50
381,ozagrel hcl,lcl161,50
443,7553-53-9,z-3229,50
1626,ly2334737,34793-34-5,50
301,epz015866,c-646,49
326,dmh2,kdm5-c70,49
1398,185039-99-0,sp-2509,49
569,108341-18-0,sb-1317,49
287,145158-71-0,ipi-145,49
811,epz015866,c-646,49
507,185039-99-0,sp-2509,49
777,145158-71-0,ipi-145,49
891,dmh2,kdm5-c70,49
640,zinc38139483,at-13148,49
1574,108341-18-0,sb-1317,49
95,pd168393,kn-93,49
1751,zinc38139483,at-13148,49
515,ks-00000y5e,bms-707035,48
1732,939981-37-0,34793-34-5,48
1429,ks-00000y5e,bms-707035,48
1118,sar020106,ncgc00241036,48
997,zinc44963243,nsc132361,48
237,ks-00001d5i,bms-707035,48
1325,balsalazide,umbralisib,48
1801,211915-06-9,bix-02189,48
1764,sb525334,cpg-52364,47
1227,zinc18182079,sp-2509,47
1779,gsk1059615,bms-595,47
445,zinc18182079,sp-2509,47
1489,on123300,nsc132361,47
537,on123300,nsc132361,47
1083,gw441756,sb-415286,47
731,ak174336,nsc132361,47
171,141400-58-0,"8-[3-chloro-5-[4-(1-methylpyrazol-4-yl)phenyl]-4-pyridyl]-2,8-diazaspiro[4.5]decan-1-one",47
883,pd318088,ldn193189,47
1403,gsk2656157,gsk-583,47
957,sb505124,sb-415286,47
1630,as1949490,a-419259,47
1508,445430-58-0,"8-[3-chloro-5-[4-(1-methylpyrazol-4-yl)phenyl]-4-pyridyl]-2,8-diazaspiro[4.5]decan-1-one",47
1625,865362-74-9,z-3229,47
56,ciliobrevin d,"8-[3-chloro-5-[4-(1-methylpyrazol-4-yl)phenyl]-4-pyridyl]-2,8-diazaspiro[4.5]decan-1-one",46
607,amg319,ag-041r,46
407,zcl278,azd2858,46
1624,jsh-23,sb-1317,46
251,tmp195,bms-595,46
964,urb597,bms-595,46
654,at9283,tak-593,46
810,zinc208949883,agn-pc-088pn3,46
173,1088965-37-0,bix-02189,46
1125,zcl278,azd2858,46
1494,plx647,dp-4978,46
1802,at9283,tak-593,46
73,byl719,kh-cb19,46
1670,amg319,ag-041r,46
540,plx647,dp-4978,46
873,pim447,ipi-145,46
1579,cyt387,cyproterone acetate,45
693,ly2886721,chembl3188661,45
706,nu7026,ncgc00262376,45
849,xct790,smdc873969,45
881,ly411575,evacetrapib (ly2484595),45
975,ql47,elesclomol (sta-4783),45
850,wz4002,ncgc00241036,45
322,ly411575,evacetrapib (ly2484595),45
80,wz3146,ncgc00346747,45
684,nu6102,bms-906024,45
337,y-27632 2hcl,arry-162,45
768,buflomedil,none,45
765,cl-f-araa,eaca,45
361,bfh772,gsk1324726a (i-bet726),45
953,ak198640,ncgc00183434-01,45
58,zinc139045355,nsc132361,45
1543,zinc101112865,unc-0631,45
356,chromocarb,aminocaproic acid,45
928,y-27632 2hcl,arry-162,45
986,chromocarb,aminocaproic acid,45
328,buflomedil hcl,lcl161,45
354,ql47,elesclomol (sta-4783),45
901,buflomedil hcl,lcl161,45
818,g007-lk,ly-3009120,45
824,thz2,withaferin a,45
43,ks-00001cuz,jx-401,45
499,876310-02-0,sb1317/tg02,45
284,buflomedil,none,45
1619,ceftiofur,eft508,45
1696,frax1036,ncgc00241036,45
1143,t0070907,ncgc00346747,45
1720,vu 0364770,ncgc00346747,45
1671,acebutolol hcl,viracept,45
1376,ly2811376,lcl161,45
1383,876310-02-0,sb1317/tg02,45
1045,r547,elesclomol (sta-4783),45
247,zinc117147304,lcl161,45
1017,ly2940680,alectinib (ch5424802),45
608,acebutolol hcl,viracept,45
621,frax1036,ncgc00241036,45
1167,1439901-97-9,jx-401,45
631,vu 0364770,ncgc00346747,45
1401,raf709,dabrafenib,45
151,ro9021,ncgc00241036,45
1001,bfh772,gsk1324726a (i-bet726),45
1754,pd173074,schembl15637431,45
84,unii-kxq762cqth,i-bet726,45
232,dapt (gsi-ix),lapatinib ditosylate,45
663,fingolimod (fty720) hcl,filgotinib,45
233,3bdo,lenalidomide,45
1591,du-21220,ly-3009120,44
982,gw843682x,bi-847325,44
1614,plx8394,pf-04418948,44
1240,zinc34894448,pf-04418948,43
1237,epz015666,c-646,43
531,r406 (free base),artemether,43
571,tpop146,tas-116,43
1469,r406 (free base),artemether,43
1178,azd3463,azd2858,43
815,pp121,nsc132361,43
35,ly2228820,az-82,43
449,zinc34894448,pf-04418948,43
1355,ap26113,tas-116,43
1577,tpop146,tas-116,43
771,jnj-7777120,jx-401,43
1741,nvp-bep800,agn-pc-005q2s,43
362,gw842166x,jx-401,43
1002,gw842166x,jx-401,43
50,epz020411,bs-181,43
1091,ssr504734,"vps34 inhibitor 1 (compound 19, pik-iii analogue)",43
1133,zinc3881972,unc-0631,42
593,zinc21999985,azd2858,42
1634,zinc21999985,azd2858,42
1589,56990-57-9,evacetrapib (ly2484595),41
164,epz004777 hcl,cct-244747,41
1680,xl888,azd-2858,40
133,plx7904,glpg0634,40
1343,xl335,34793-34-5,40
812,ky02111,ncgc00241036,39
1210,k6pkx2phvz,az-82,34
437,k6pkx2phvz,az-82,34
